_src,asr_dodging,asr_impersonation,attack,bitwidth,defense,diffusion_t,energy_mj,fpga_bram,fpga_dsp,fpga_lut,fps,latency_ms,n_denoise_steps,pert_l2,pert_linf,power_w,psnr,robust_tar,sigma,ssim,tar_at_far,threat,ver_acc
ablation_smoothing_only.csv,,,clean,,visagekeeper_smoothed,,,,,,,,,,,,,0.5003333333333333,0.5,,"{""0.01"": {""tar"": 0.012333333333333333, ""threshold"": 0.3305186629295349}, ""0.001"": {""tar"": 0.0016666666666666668, ""threshold"": 0.45291566848754883}}",,0.5268333333333334
ablation_smoothing_only.csv,1.0,0.01,pgd_eot,,visagekeeper_smoothed,,,,,,,,,,,,,0.495,0.5,,"{""0.01"": {""tar"": 0.012333333333333333, ""threshold"": 0.3305186629295349}, ""0.001"": {""tar"": 0.0016666666666666668, ""threshold"": 0.45291566848754883}}",,0.5268333333333334
frpure__bpda_eot.csv,1.0,1.0,bpda_eot,-1,frpure_ours_unet,nan,nan,-1,-1,-1,169.6899447491437,5.893101099645719,-1,96.56172206611166,0.03137257695198059,nan,32.18606746160021,0.0,,0.9937201657999294,"{""0.01"": {""tar"": 0.9483333333333334, ""threshold"": 0.37513864040374756}, ""0.001"": {""tar"": 0.8953333333333333, ""threshold"": 0.530886173248291}}",Linf_8/255_whitebox_adaptive,0.97
frpure__clean.csv,nan,nan,clean,-1,frpure_ours_unet,nan,nan,-1,-1,-1,nan,nan,-1,nan,nan,nan,nan,0.9471666666666667,,nan,"{""0.01"": {""tar"": 0.9483333333333334, ""threshold"": 0.37513864040374756}, ""0.001"": {""tar"": 0.8953333333333333, ""threshold"": 0.530886173248291}}",Linf_8/255_whitebox_adaptive,0.97
frpure__fgsm.csv,0.985,0.545,fgsm,-1,frpure_ours_unet,nan,nan,-1,-1,-1,77.95656995600503,12.827655200380832,-1,122.55680976447353,0.03137257695198059,nan,30.089073959084267,0.235,,0.9898767534760681,"{""0.01"": {""tar"": 0.9483333333333334, ""threshold"": 0.37513864040374756}, ""0.001"": {""tar"": 0.8953333333333333, ""threshold"": 0.530886173248291}}",Linf_8/255_whitebox_adaptive,0.97
frpure__pgd_eot.csv,1.0,1.0,pgd_eot,-1,frpure_ours_unet,nan,nan,-1,-1,-1,74.60941238536671,13.403134645195678,-1,95.41339361373919,0.03137257695198059,nan,31.84883199527476,0.0,,0.9932118798397119,"{""0.01"": {""tar"": 0.9483333333333334, ""threshold"": 0.37513864040374756}, ""0.001"": {""tar"": 0.8953333333333333, ""threshold"": 0.530886173248291}}",Linf_8/255_whitebox_adaptive,0.97
fsqueeze__bpda_eot.csv,1.0,1.0,bpda_eot,-1,fsqueeze,nan,nan,-1,-1,-1,468.91664228863846,2.1325751952826977,-1,93.34737186645827,0.03137257695198059,nan,31.17722699713225,0.0,,0.9921175424055437,"{""0.01"": {""tar"": 0.9476666666666667, ""threshold"": 0.3779708743095398}, ""0.001"": {""tar"": 0.8986666666666666, ""threshold"": 0.5309843420982361}}",Linf_8/255_whitebox_adaptive,0.9705
fsqueeze__clean.csv,nan,nan,clean,-1,fsqueeze,nan,nan,-1,-1,-1,nan,nan,-1,nan,nan,nan,nan,0.9488333333333333,,nan,"{""0.01"": {""tar"": 0.9476666666666667, ""threshold"": 0.3779708743095398}, ""0.001"": {""tar"": 0.8986666666666666, ""threshold"": 0.5309843420982361}}",Linf_8/255_whitebox_adaptive,0.9705
fsqueeze__fgsm.csv,0.97,0.395,fgsm,-1,fsqueeze,nan,nan,-1,-1,-1,216.13555021046565,4.626726140268147,-1,120.25276488396358,0.03137257695198059,nan,29.67705542029734,0.3175,,0.9889162876350505,"{""0.01"": {""tar"": 0.9476666666666667, ""threshold"": 0.3779708743095398}, ""0.001"": {""tar"": 0.8986666666666666, ""threshold"": 0.5309843420982361}}",Linf_8/255_whitebox_adaptive,0.9705
fsqueeze__pgd_eot.csv,1.0,1.0,pgd_eot,-1,fsqueeze,nan,nan,-1,-1,-1,347.2220420772404,2.8800014941953123,-1,93.40156064130882,0.03137257695198059,nan,31.171181151407417,0.0,,0.992107427927604,"{""0.01"": {""tar"": 0.9476666666666667, ""threshold"": 0.3779708743095398}, ""0.001"": {""tar"": 0.8986666666666666, ""threshold"": 0.5309843420982361}}",Linf_8/255_whitebox_adaptive,0.9705
iter_purify__bpda_eot.csv,1.0,0.78,bpda_eot,-1,iter_purify,nan,nan,-1,-1,-1,136.4460587095165,7.328903520246968,-1,111.8243827616337,0.03137257695198059,nan,21.573055551023785,0.11,,0.9486197486799506,"{""0.01"": {""tar"": 0.9253333333333333, ""threshold"": 0.3879227638244629}, ""0.001"": {""tar"": 0.849, ""threshold"": 0.5035145282745361}}",Linf_8/255_whitebox_adaptive,0.9595
iter_purify__clean.csv,nan,nan,clean,-1,iter_purify,nan,nan,-1,-1,-1,nan,nan,-1,nan,nan,nan,nan,0.8761666666666666,,nan,"{""0.01"": {""tar"": 0.9283333333333333, ""threshold"": 0.37999117374420166}, ""0.001"": {""tar"": 0.7533333333333333, ""threshold"": 0.5741158723831177}}",Linf_8/255_whitebox_adaptive,0.9613333333333334
iter_purify__fgsm.csv,1.0,0.44,fgsm,-1,iter_purify,nan,nan,-1,-1,-1,86.50224283363545,11.560393895488232,-1,122.5000830388509,0.03137257695198059,nan,21.379920026469,0.28,,0.9461322458754243,"{""0.01"": {""tar"": 0.9223333333333333, ""threshold"": 0.38725417852401733}, ""0.001"": {""tar"": 0.7676666666666667, ""threshold"": 0.5616731643676758}}",Linf_8/255_whitebox_adaptive,0.961
iter_purify__pgd_eot.csv,1.0,1.0,pgd_eot,-1,iter_purify,nan,nan,-1,-1,-1,100.18988186981323,9.981047799810767,-1,112.13034850330186,0.03137257695198059,nan,21.44425325765646,0.0,,0.9467158030694695,"{""0.01"": {""tar"": 0.9263333333333333, ""threshold"": 0.3841642439365387}, ""0.001"": {""tar"": 0.829, ""threshold"": 0.5194552540779114}}",Linf_8/255_whitebox_adaptive,0.96
kim_nil__bpda_eot.csv,1.0,1.0,bpda_eot,-1,kim_nil,nan,nan,-1,-1,-1,1829.8545102914804,0.5464915349148214,-1,97.31078122690477,0.03137257695198059,nan,25.13508455036893,0.0,,0.9690313971894597,"{""0.01"": {""tar"": 0.944, ""threshold"": 0.38769203424453735}, ""0.001"": {""tar"": 0.839, ""threshold"": 0.5839499235153198}}",Linf_8/255_whitebox_adaptive,0.9676666666666667
kim_nil__clean.csv,nan,nan,clean,-1,kim_nil,nan,nan,-1,-1,-1,nan,nan,-1,nan,nan,nan,nan,0.9236666666666666,,nan,"{""0.01"": {""tar"": 0.943, ""threshold"": 0.3808872401714325}, ""0.001"": {""tar"": 0.8483333333333334, ""threshold"": 0.5762633085250854}}",Linf_8/255_whitebox_adaptive,0.9676666666666667
kim_nil__fgsm.csv,0.995,0.605,fgsm,-1,kim_nil,nan,nan,-1,-1,-1,1660.316563082516,0.6022947805467993,-1,120.27217675997169,0.03137257695198059,nan,24.708889021904866,0.2,,0.966006865353286,"{""0.01"": {""tar"": 0.9456666666666667, ""threshold"": 0.3807077705860138}, ""0.001"": {""tar"": 0.8743333333333333, ""threshold"": 0.5467734932899475}}",Linf_8/255_whitebox_adaptive,0.9683333333333334
kim_nil__pgd_eot.csv,1.0,1.0,pgd_eot,-1,kim_nil,nan,nan,-1,-1,-1,2260.91187865931,0.44229941442608833,-1,97.2577797725848,0.03137257695198059,nan,25.137230633533072,0.0,,0.9690526674717971,"{""0.01"": {""tar"": 0.944, ""threshold"": 0.38872531056404114}, ""0.001"": {""tar"": 0.8673333333333333, ""threshold"": 0.5549024939537048}}",Linf_8/255_whitebox_adaptive,0.9688333333333333
none__bpda_eot.csv,1.0,1.0,bpda_eot,-1,none,nan,nan,-1,-1,-1,3840827.815138074,0.0002603605389595032,-1,90.1171087344344,0.03137257695198059,nan,32.767767164543635,0.0,,0.9945421084217899,"{""0.01"": {""tar"": 0.9483333333333334, ""threshold"": 0.3844451904296875}, ""0.001"": {""tar"": 0.915, ""threshold"": 0.5247672200202942}}",Linf_8/255_whitebox_adaptive,0.9708333333333333
none__clean.csv,nan,nan,clean,-1,none,nan,nan,-1,-1,-1,nan,nan,-1,nan,nan,nan,nan,0.957,,nan,"{""0.01"": {""tar"": 0.9483333333333334, ""threshold"": 0.3844451904296875}, ""0.001"": {""tar"": 0.915, ""threshold"": 0.5247672200202942}}",Linf_8/255_whitebox_adaptive,0.9708333333333333
none__fgsm.csv,0.99,0.61,fgsm,-1,none,nan,nan,-1,-1,-1,2573269.7226599245,0.0003886106424033642,-1,120.24517614183853,0.03137257695198059,nan,30.262558899613843,0.2,,0.9903416214286823,"{""0.01"": {""tar"": 0.9483333333333334, ""threshold"": 0.3844451904296875}, ""0.001"": {""tar"": 0.915, ""threshold"": 0.5247672200202942}}",Linf_8/255_whitebox_adaptive,0.9708333333333333
none__pgd_eot.csv,1.0,1.0,pgd_eot,-1,none,nan,nan,-1,-1,-1,4774281.2634434,0.0002094556111842394,-1,90.20436873198389,0.03137257695198059,nan,32.759360725351314,0.0,,0.9945316114748144,"{""0.01"": {""tar"": 0.9483333333333334, ""threshold"": 0.3844451904296875}, ""0.001"": {""tar"": 0.915, ""threshold"": 0.5247672200202942}}",Linf_8/255_whitebox_adaptive,0.9708333333333333
visagekeeper__smoothed.csv,,,clean,,visagekeeper_smoothed,,,,,,,,,,,,,0.7506666666666667,0.5,,"{""0.01"": {""tar"": 0.774, ""threshold"": 0.365639328956604}, ""0.001"": {""tar"": 0.5023333333333333, ""threshold"": 0.49931076169013977}}",,0.9185
visagekeeper__smoothed.csv,1.0,0.485,pgd_eot,,visagekeeper_smoothed,,,,,,,,,,,,,0.2575,0.5,,"{""0.01"": {""tar"": 0.774, ""threshold"": 0.365639328956604}, ""0.001"": {""tar"": 0.5023333333333333, ""threshold"": 0.49931076169013977}}",,0.9185
